[{"pk": 11, "model": "contenttypes.contenttype", "fields": {"model": "candidate", "name": "candidate", "app_label": "voteclimate"}}, {"pk": 4, "model": "contenttypes.contenttype", "fields": {"model": "contenttype", "name": "content type", "app_label": "contenttypes"}}, {"pk": 13, "model": "contenttypes.contenttype", "fields": {"model": "fact", "name": "fact", "app_label": "voteclimate"}}, {"pk": 2, "model": "contenttypes.contenttype", "fields": {"model": "group", "name": "group", "app_label": "auth"}}, {"pk": 7, "model": "contenttypes.contenttype", "fields": {"model": "logentry", "name": "log entry", "app_label": "admin"}}, {"pk": 1, "model": "contenttypes.contenttype", "fields": {"model": "permission", "name": "permission", "app_label": "auth"}}, {"pk": 5, "model": "contenttypes.contenttype", "fields": {"model": "session", "name": "session", "app_label": "sessions"}}, {"pk": 6, "model": "contenttypes.contenttype", "fields": {"model": "site", "name": "site", "app_label": "sites"}}, {"pk": 8, "model": "contenttypes.contenttype", "fields": {"model": "state", "name": "state", "app_label": "voteclimate"}}, {"pk": 12, "model": "contenttypes.contenttype", "fields": {"model": "statement", "name": "statement", "app_label": "voteclimate"}}, {"pk": 10, "model": "contenttypes.contenttype", "fields": {"model": "style", "name": "style", "app_label": "voteclimate"}}, {"pk": 14, "model": "contenttypes.contenttype", "fields": {"model": "sunlight_search", "name": "sunlight_search", "app_label": "voteclimate"}}, {"pk": 3, "model": "contenttypes.contenttype", "fields": {"model": "user", "name": "user", "app_label": "auth"}}, {"pk": 9, "model": "contenttypes.contenttype", "fields": {"model": "user", "name": "user", "app_label": "voteclimate"}}, {"pk": 15, "model": "contenttypes.contenttype", "fields": {"model": "visit", "name": "visit", "app_label": "voteclimate"}}, {"pk": 1, "model": "sites.site", "fields": {"domain": "example.com", "name": "example.com"}}, {"pk": 1, "model": "voteclimate.state", "fields": {"abbreviation": "AL", "name": "Alabama", "fips_code": 1}}, {"pk": 2, "model": "voteclimate.state", "fields": {"abbreviation": "AK", "name": "Alaska", "fips_code": 2}}, {"pk": 3, "model": "voteclimate.state", "fields": {"abbreviation": "AZ", "name": "Arizona", "fips_code": 4}}, {"pk": 4, "model": "voteclimate.state", "fields": {"abbreviation": "AR", "name": "Arkansas", "fips_code": 5}}, {"pk": 5, "model": "voteclimate.state", "fields": {"abbreviation": "CA", "name": "California", "fips_code": 6}}, {"pk": 6, "model": "voteclimate.state", "fields": {"abbreviation": "CO", "name": "Colorado", "fips_code": 8}}, {"pk": 7, "model": "voteclimate.state", "fields": {"abbreviation": "CT", "name": "Connecticut", "fips_code": 9}}, {"pk": 8, "model": "voteclimate.state", "fields": {"abbreviation": "DE", "name": "Delaware", "fips_code": 10}}, {"pk": 9, "model": "voteclimate.state", "fields": {"abbreviation": "DC", "name": "District of Columbia", "fips_code": 11}}, {"pk": 10, "model": "voteclimate.state", "fields": {"abbreviation": "FL", "name": "Florida", "fips_code": 12}}, {"pk": 11, "model": "voteclimate.state", "fields": {"abbreviation": "GA", "name": "Georgia", "fips_code": 13}}, {"pk": 12, "model": "voteclimate.state", "fields": {"abbreviation": "HI", "name": "Hawaii", "fips_code": 15}}, {"pk": 13, "model": "voteclimate.state", "fields": {"abbreviation": "ID", "name": "Idaho", "fips_code": 16}}, {"pk": 14, "model": "voteclimate.state", "fields": {"abbreviation": "IL", "name": "Illinois", "fips_code": 17}}, {"pk": 15, "model": "voteclimate.state", "fields": {"abbreviation": "IN", "name": "Indiana", "fips_code": 18}}, {"pk": 16, "model": "voteclimate.state", "fields": {"abbreviation": "IA", "name": "Iowa", "fips_code": 19}}, {"pk": 17, "model": "voteclimate.state", "fields": {"abbreviation": "KS", "name": "Kansas", "fips_code": 20}}, {"pk": 18, "model": "voteclimate.state", "fields": {"abbreviation": "KY", "name": "Kentucky", "fips_code": 21}}, {"pk": 19, "model": "voteclimate.state", "fields": {"abbreviation": "LA", "name": "Louisiana", "fips_code": 22}}, {"pk": 20, "model": "voteclimate.state", "fields": {"abbreviation": "ME", "name": "Maine", "fips_code": 23}}, {"pk": 21, "model": "voteclimate.state", "fields": {"abbreviation": "MD", "name": "Maryland", "fips_code": 24}}, {"pk": 22, "model": "voteclimate.state", "fields": {"abbreviation": "MA", "name": "Massachusetts", "fips_code": 25}}, {"pk": 23, "model": "voteclimate.state", "fields": {"abbreviation": "MI", "name": "Michigan", "fips_code": 26}}, {"pk": 24, "model": "voteclimate.state", "fields": {"abbreviation": "MN", "name": "Minnesota", "fips_code": 27}}, {"pk": 25, "model": "voteclimate.state", "fields": {"abbreviation": "MS", "name": "Mississippi", "fips_code": 28}}, {"pk": 26, "model": "voteclimate.state", "fields": {"abbreviation": "MO", "name": "Missouri", "fips_code": 29}}, {"pk": 27, "model": "voteclimate.state", "fields": {"abbreviation": "MT", "name": "Montana", "fips_code": 30}}, {"pk": 28, "model": "voteclimate.state", "fields": {"abbreviation": "NE", "name": "Nebraska", "fips_code": 31}}, {"pk": 29, "model": "voteclimate.state", "fields": {"abbreviation": "NV", "name": "Nevada", "fips_code": 32}}, {"pk": 30, "model": "voteclimate.state", "fields": {"abbreviation": "NH", "name": "New Hampshire", "fips_code": 33}}, {"pk": 31, "model": "voteclimate.state", "fields": {"abbreviation": "NJ", "name": "New Jersey", "fips_code": 34}}, {"pk": 32, "model": "voteclimate.state", "fields": {"abbreviation": "NM", "name": "New Mexico", "fips_code": 35}}, {"pk": 33, "model": "voteclimate.state", "fields": {"abbreviation": "NY", "name": "New York", "fips_code": 36}}, {"pk": 34, "model": "voteclimate.state", "fields": {"abbreviation": "NC", "name": "North Carolina", "fips_code": 37}}, {"pk": 35, "model": "voteclimate.state", "fields": {"abbreviation": "ND", "name": "North Dakota", "fips_code": 38}}, {"pk": 36, "model": "voteclimate.state", "fields": {"abbreviation": "OH", "name": "Ohio", "fips_code": 39}}, {"pk": 37, "model": "voteclimate.state", "fields": {"abbreviation": "OK", "name": "Oklahoma", "fips_code": 40}}, {"pk": 38, "model": "voteclimate.state", "fields": {"abbreviation": "OR", "name": "Oregon", "fips_code": 41}}, {"pk": 39, "model": "voteclimate.state", "fields": {"abbreviation": "PA", "name": "Pennsylvania", "fips_code": 42}}, {"pk": 40, "model": "voteclimate.state", "fields": {"abbreviation": "RI", "name": "Rhode Island", "fips_code": 44}}, {"pk": 41, "model": "voteclimate.state", "fields": {"abbreviation": "SC", "name": "South Carolina", "fips_code": 45}}, {"pk": 42, "model": "voteclimate.state", "fields": {"abbreviation": "SD", "name": "South Dakota", "fips_code": 46}}, {"pk": 43, "model": "voteclimate.state", "fields": {"abbreviation": "TN", "name": "Tennessee", "fips_code": 47}}, {"pk": 44, "model": "voteclimate.state", "fields": {"abbreviation": "TX", "name": "Texas", "fips_code": 48}}, {"pk": 45, "model": "voteclimate.state", "fields": {"abbreviation": "UT", "name": "Utah", "fips_code": 49}}, {"pk": 46, "model": "voteclimate.state", "fields": {"abbreviation": "VT", "name": "Vermont", "fips_code": 50}}, {"pk": 47, "model": "voteclimate.state", "fields": {"abbreviation": "VA", "name": "Virginia", "fips_code": 51}}, {"pk": 48, "model": "voteclimate.state", "fields": {"abbreviation": "WA", "name": "Washington", "fips_code": 53}}, {"pk": 49, "model": "voteclimate.state", "fields": {"abbreviation": "WV", "name": "West Virginia", "fips_code": 54}}, {"pk": 50, "model": "voteclimate.state", "fields": {"abbreviation": "WI", "name": "Wisconsin", "fips_code": 55}}, {"pk": 51, "model": "voteclimate.state", "fields": {"abbreviation": "WY", "name": "Wyoming", "fips_code": 56}}, {"pk": 52, "model": "voteclimate.state", "fields": {"abbreviation": "AS", "name": "American Samoa", "fips_code": 60}}, {"pk": 53, "model": "voteclimate.state", "fields": {"abbreviation": "GU", "name": "Guam", "fips_code": 66}}, {"pk": 54, "model": "voteclimate.state", "fields": {"abbreviation": "MP", "name": "Northern Mariana Islands", "fips_code": 69}}, {"pk": 55, "model": "voteclimate.state", "fields": {"abbreviation": "PR", "name": "Puerto Rico", "fips_code": 72}}, {"pk": 56, "model": "voteclimate.state", "fields": {"abbreviation": "VI", "name": "Virgin Islands", "fips_code": 78}}, {"pk": 57, "model": "voteclimate.state", "fields": {"abbreviation": "XOI", "name": "U.S. Minor Outlying Islands", "fips_code": 0}}, {"pk": 58, "model": "voteclimate.state", "fields": {"abbreviation": "FM", "name": "Federated States of Micronesia", "fips_code": 64}}, {"pk": 59, "model": "voteclimate.state", "fields": {"abbreviation": "MH", "name": "Marshall Islands", "fips_code": 68}}, {"pk": 60, "model": "voteclimate.state", "fields": {"abbreviation": "PW", "name": "Palau", "fips_code": 70}}, {"pk": 61, "model": "voteclimate.state", "fields": {"abbreviation": "XOT", "name": "Other non-state", "fips_code": 0}}, {"pk": 1, "model": "voteclimate.style", "fields": {"available": true, "publisher": "publisher_voting_for.django", "output_template": "template_voting_for.django_include", "name": "voting_for", "template_string": "I'm voting for ${candidate} because he or she has taken or has promised to take constructive action on climate change.<span>${first_name} in ${state}"}}, {"pk": 1, "model": "voteclimate.candidate", "fields": {"twitter_handle": "BarackObama", "name": "Barack Obama", "district": "Junior Seat", "senate_class": "III", "fec_id": "S4IL00180", "gender": "M", "congresspedia_url": "http://www.opencongress.org/wiki/Barack_Obama", "state": null, "govtrack_id": "400629", "crp_id": "N00009638", "webform_url": "", "party": "D", "votesmart_id": "9490"}}, {"pk": 2, "model": "voteclimate.candidate", "fields": {"twitter_handle": "joebiden", "name": "Joseph Biden", "district": "Senior Seat", "senate_class": "II", "fec_id": "S8DE00012", "gender": "M", "congresspedia_url": "http://www.opencongress.org/wiki/Joseph_Biden", "state": null, "govtrack_id": "300008", "crp_id": "N00001669", "webform_url": "", "party": "D", "votesmart_id": "53279"}}, {"pk": 3, "model": "voteclimate.candidate", "fields": {"twitter_handle": "senjonkyl", "name": "Jon Kyl", "district": "Junior Seat", "senate_class": "I", "fec_id": "S4AZ00030", "gender": "M", "congresspedia_url": "http://www.opencongress.org/wiki/Jon_Kyl", "state": 3, "govtrack_id": "300062", "crp_id": "N00006406", "webform_url": "http://www.kyl.senate.gov/contact.cfm", "party": "R", "votesmart_id": "26721"}}, {"pk": 4, "model": "voteclimate.candidate", "fields": {"twitter_handle": "senfeinstein", "name": "Dianne Feinstein", "district": "Senior Seat", "senate_class": "I", "fec_id": "S0CA00199", "gender": "F", "congresspedia_url": "http://www.opencongress.org/wiki/Dianne_Feinstein", "state": 5, "govtrack_id": "300043", "crp_id": "N00007364", "webform_url": "http://www.feinstein.senate.gov/public/index.cfm/e-mail-me", "party": "D", "votesmart_id": "53273"}}, {"pk": 5, "model": "voteclimate.candidate", "fields": {"twitter_handle": "JoeLieberman", "name": "Joseph Lieberman", "district": "Senior Seat", "senate_class": "I", "fec_id": "S8CT00022", "gender": "M", "congresspedia_url": "http://www.opencongress.org/wiki/Joseph_Lieberman", "state": 7, "govtrack_id": "300067", "crp_id": "N00000616", "webform_url": "http://www.lieberman.senate.gov/index.cfm/contact/email-me-about-an-issue", "party": "I", "votesmart_id": "53278"}}, {"pk": 6, "model": "voteclimate.candidate", "fields": {"twitter_handle": "SenatorCarper", "name": "Thomas Carper", "district": "Senior Seat", "senate_class": "I", "fec_id": "S8DE00079", "gender": "M", "congresspedia_url": "http://www.opencongress.org/wiki/Thomas_Carper", "state": 8, "govtrack_id": "300019", "crp_id": "N00012508", "webform_url": "http://www.carper.senate.gov/contact/", "party": "D", "votesmart_id": "22421"}}, {"pk": 7, "model": "voteclimate.candidate", "fields": {"twitter_handle": "SenBillNelson", "name": "Bill Nelson", "district": "Senior Seat", "senate_class": "I", "fec_id": "S8FL00166", "gender": "M", "congresspedia_url": "http://www.opencongress.org/wiki/Bill_Nelson", "state": 10, "govtrack_id": "300078", "crp_id": "N00009926", "webform_url": "http://www.billnelson.senate.gov/contact/index.cfm", "party": "D", "votesmart_id": "30880"}}, {"pk": 8, "model": "voteclimate.candidate", "fields": {"twitter_handle": "SenBenNelson", "name": "E. Benjamin Nelson", "district": "Senior Seat", "senate_class": "I", "fec_id": "S6NE00095", "gender": "M", "congresspedia_url": "http://www.opencongress.org/wiki/E._Benjamin_Nelson", "state": 28, "govtrack_id": "300077", "crp_id": "N00005329", "webform_url": "http://www.bennelson.senate.gov/contact-me.cfm", "party": "D", "votesmart_id": "21744"}}, {"pk": 9, "model": "voteclimate.candidate", "fields": {"twitter_handle": "", "name": "Daniel Akaka", "district": "Junior Seat", "senate_class": "I", "fec_id": "S0HI00084", "gender": "M", "congresspedia_url": "http://www.opencongress.org/wiki/Daniel_Akaka", "state": 12, "govtrack_id": "300001", "crp_id": "N00007653", "webform_url": "http://www.akaka.senate.gov/email-senator-akaka.cfm", "party": "D", "votesmart_id": "53286"}}, {"pk": 10, "model": "voteclimate.candidate", "fields": {"twitter_handle": "senatorlugar", "name": "Richard Lugar", "district": "Senior Seat", "senate_class": "I", "fec_id": "S4IN00014", "gender": "M", "congresspedia_url": "http://www.opencongress.org/wiki/Richard_Lugar", "state": 15, "govtrack_id": "300070", "crp_id": "N00001764", "webform_url": "http://www.lugar.senate.gov/contact/", "party": "R", "votesmart_id": "53292"}}, {"pk": 11, "model": "voteclimate.candidate", "fields": {"twitter_handle": "replrichardson", "name": "Laura Richardson", "district": "37", "senate_class": "", "fec_id": "H8CA37137", "gender": "F", "congresspedia_url": "http://www.opencongress.org/wiki/Laura_Richardson", "state": 5, "govtrack_id": "412253", "crp_id": "N00029112", "webform_url": "http://richardson.house.gov/IMA/issue_subscribe.htm", "party": "D", "votesmart_id": "69508"}}, {"pk": 12, "model": "voteclimate.candidate", "fields": {"twitter_handle": "SenatorSnowe", "name": "Olympia Snowe", "district": "Senior Seat", "senate_class": "I", "fec_id": "S4ME00055", "gender": "F", "congresspedia_url": "http://www.opencongress.org/wiki/Olympia_Snowe", "state": 20, "govtrack_id": "300091", "crp_id": "N00000480", "webform_url": "http://www.snowe.senate.gov/public/index.cfm/contact?p=email", "party": "R", "votesmart_id": "26885"}}, {"pk": 13, "model": "voteclimate.candidate", "fields": {"twitter_handle": "SenatorCardin", "name": "Benjamin Cardin", "district": "Junior Seat", "senate_class": "I", "fec_id": "H6MD03177", "gender": "M", "congresspedia_url": "http://www.opencongress.org/wiki/Benjamin_Cardin", "state": 21, "govtrack_id": "400064", "crp_id": "N00001955", "webform_url": "http://www.cardin.senate.gov/contact/", "party": "D", "votesmart_id": "26888"}}, {"pk": 14, "model": "voteclimate.candidate", "fields": {"twitter_handle": "USSenScottBrown", "name": "Scott Brown", "district": "Junior Seat", "senate_class": "I", "fec_id": "S0MA00109", "gender": "M", "congresspedia_url": "http://www.opencongress.org/wiki/Scott_Brown", "state": 22, "govtrack_id": "412384", "crp_id": "N00031174", "webform_url": "http://www.scottbrown.senate.gov/public/index.cfm/emailscottbrown", "party": "R", "votesmart_id": "18919"}}, {"pk": 15, "model": "voteclimate.candidate", "fields": {"twitter_handle": "StabenowPress", "name": "Debbie Stabenow", "district": "Junior Seat", "senate_class": "I", "fec_id": "S8MI00281", "gender": "F", "congresspedia_url": "http://www.opencongress.org/wiki/Debbie_Stabenow", "state": 23, "govtrack_id": "300093", "crp_id": "N00004118", "webform_url": "http://www.stabenow.senate.gov/?p=contact", "party": "D", "votesmart_id": "515"}}, {"pk": 16, "model": "voteclimate.candidate", "fields": {"twitter_handle": "", "name": "Amy Klobuchar", "district": "Senior Seat", "senate_class": "I", "fec_id": "S6MN00267", "gender": "F", "congresspedia_url": "http://www.opencongress.org/wiki/Amy_Klobuchar", "state": 24, "govtrack_id": "412242", "crp_id": "N00027500", "webform_url": "http://www.klobuchar.senate.gov/emailamy.cfm", "party": "D", "votesmart_id": "65092"}}, {"pk": 17, "model": "voteclimate.candidate", "fields": {"twitter_handle": "rogerwicker", "name": "Roger Wicker", "district": "Junior Seat", "senate_class": "I", "fec_id": "H4MS01078", "gender": "M", "congresspedia_url": "http://www.opencongress.org/wiki/Roger_Wicker", "state": 25, "govtrack_id": "400432", "crp_id": "N00003280", "webform_url": "http://www.wicker.senate.gov/public/index.cfm?FuseAction=Contact.EMailSenatorWicker", "party": "R", "votesmart_id": "21926"}}, {"pk": 18, "model": "voteclimate.candidate", "fields": {"twitter_handle": "clairecmc", "name": "Claire McCaskill", "district": "Senior Seat", "senate_class": "I", "fec_id": "S6MO00305", "gender": "F", "congresspedia_url": "http://www.opencongress.org/wiki/Claire_McCaskill", "state": 26, "govtrack_id": "412243", "crp_id": "N00027694", "webform_url": "http://www.mccaskill.senate.gov/?p=contact", "party": "D", "votesmart_id": "2109"}}, {"pk": 19, "model": "voteclimate.candidate", "fields": {"twitter_handle": "", "name": "Jon Tester", "district": "Junior Seat", "senate_class": "I", "fec_id": "S6MT00162", "gender": "M", "congresspedia_url": "http://www.opencongress.org/wiki/Jon_Tester", "state": 27, "govtrack_id": "412244", "crp_id": "N00027605", "webform_url": "http://www.tester.senate.gov/Contact/index.cfm", "party": "D", "votesmart_id": "20928"}}, {"pk": 20, "model": "voteclimate.candidate", "fields": {"twitter_handle": "DeanHeller", "name": "Dean Heller", "district": "Junior Seat", "senate_class": "I", "fec_id": "H6NV02164", "gender": "M", "congresspedia_url": "http://www.opencongress.org/wiki/Dean_Heller", "state": 29, "govtrack_id": "412218", "crp_id": "N00027522", "webform_url": "http://www.heller.senate.gov/public/index.cfm/contact-form", "party": "R", "votesmart_id": "2291"}}, {"pk": 21, "model": "voteclimate.candidate", "fields": {"twitter_handle": "", "name": "Jeff Bingaman", "district": "Senior Seat", "senate_class": "I", "fec_id": "S2NM00021", "gender": "M", "congresspedia_url": "http://www.opencongress.org/wiki/Jeff_Bingaman", "state": 32, "govtrack_id": "300009", "crp_id": "N00006518", "webform_url": "http://www.bingaman.senate.gov/contact/", "party": "D", "votesmart_id": "53326"}}, {"pk": 22, "model": "voteclimate.candidate", "fields": {"twitter_handle": "SenGillibrand", "name": "Kirsten Gillibrand", "district": "Junior Seat", "senate_class": "I", "fec_id": "H6NY20167", "gender": "F", "congresspedia_url": "http://www.opencongress.org/wiki/Kirsten_Gillibrand", "state": 33, "govtrack_id": "412223", "crp_id": "N00027658", "webform_url": "http://www.gillibrand.senate.gov/contact/", "party": "D", "votesmart_id": "65147"}}, {"pk": 23, "model": "voteclimate.candidate", "fields": {"twitter_handle": "", "name": "Kent Conrad", "district": "Senior Seat", "senate_class": "I", "fec_id": "S6ND00058", "gender": "M", "congresspedia_url": "http://www.opencongress.org/wiki/Kent_Conrad", "state": 35, "govtrack_id": "300026", "crp_id": "N00004613", "webform_url": "http://www.conrad.senate.gov/contact/webform.cfm", "party": "D", "votesmart_id": "53331"}}, {"pk": 24, "model": "voteclimate.candidate", "fields": {"twitter_handle": "SenSherrodBrown", "name": "Sherrod Brown", "district": "Senior Seat", "senate_class": "I", "fec_id": "H2OH13033", "gender": "M", "congresspedia_url": "http://www.opencongress.org/wiki/Sherrod_Brown", "state": 36, "govtrack_id": "400050", "crp_id": "N00003535", "webform_url": "http://www.brown.senate.gov/contact/", "party": "D", "votesmart_id": "27018"}}, {"pk": 25, "model": "voteclimate.candidate", "fields": {"twitter_handle": "SenBobCasey", "name": "Robert Casey", "district": "Senior Seat", "senate_class": "I", "fec_id": "S6PA00217", "gender": "M", "congresspedia_url": "http://www.opencongress.org/wiki/Robert_Casey", "state": 39, "govtrack_id": "412246", "crp_id": "N00027503", "webform_url": "http://www.casey.senate.gov/contact/", "party": "D", "votesmart_id": "2541"}}, {"pk": 26, "model": "voteclimate.candidate", "fields": {"twitter_handle": "", "name": "Sheldon Whitehouse", "district": "Junior Seat", "senate_class": "I", "fec_id": "S6RI00221", "gender": "M", "congresspedia_url": "http://www.opencongress.org/wiki/Sheldon_Whitehouse", "state": 40, "govtrack_id": "412247", "crp_id": "N00027533", "webform_url": "http://www.whitehouse.senate.gov/contact/", "party": "D", "votesmart_id": "2572"}}, {"pk": 27, "model": "voteclimate.candidate", "fields": {"twitter_handle": "SenBobCorker", "name": "Bob Corker", "district": "Junior Seat", "senate_class": "I", "fec_id": "S6TN00216", "gender": "M", "congresspedia_url": "http://www.opencongress.org/wiki/Bob_Corker", "state": 43, "govtrack_id": "412248", "crp_id": "N00027441", "webform_url": "http://www.corker.senate.gov/public/index.cfm?p=ContactMe", "party": "R", "votesmart_id": "65905"}}, {"pk": 28, "model": "voteclimate.candidate", "fields": {"twitter_handle": "OrrinHatch", "name": "Orrin Hatch", "district": "Senior Seat", "senate_class": "I", "fec_id": "S6UT00063", "gender": "M", "congresspedia_url": "http://www.opencongress.org/wiki/Orrin_Hatch", "state": 45, "govtrack_id": "300052", "crp_id": "N00009869", "webform_url": "http://www.hatch.senate.gov/public/index.cfm/contact?p=Email-Orrin", "party": "R", "votesmart_id": "53352"}}, {"pk": 29, "model": "voteclimate.candidate", "fields": {"twitter_handle": "senatorsanders", "name": "Bernard Sanders", "district": "Junior Seat", "senate_class": "I", "fec_id": "H8VT01016", "gender": "M", "congresspedia_url": "http://www.opencongress.org/wiki/Bernard_Sanders", "state": 46, "govtrack_id": "400357", "crp_id": "N00000528", "webform_url": "http://www.sanders.senate.gov/contact/", "party": "I", "votesmart_id": "27110"}}, {"pk": 30, "model": "voteclimate.candidate", "fields": {"twitter_handle": "", "name": "James Webb", "district": "Senior Seat", "senate_class": "I", "fec_id": "S6VA00127", "gender": "M", "congresspedia_url": "http://www.opencongress.org/wiki/James_Webb", "state": 47, "govtrack_id": "412249", "crp_id": "N00028058", "webform_url": "http://www.webb.senate.gov/contact.cfm", "party": "D", "votesmart_id": "60043"}}, {"pk": 31, "model": "voteclimate.candidate", "fields": {"twitter_handle": "CantwellPress", "name": "Maria Cantwell", "district": "Junior Seat", "senate_class": "I", "fec_id": "S8WA00194", "gender": "F", "congresspedia_url": "http://www.opencongress.org/wiki/Maria_Cantwell", "state": 48, "govtrack_id": "300018", "crp_id": "N00007836", "webform_url": "http://www.cantwell.senate.gov/contact/", "party": "D", "votesmart_id": "27122"}}, {"pk": 32, "model": "voteclimate.candidate", "fields": {"twitter_handle": "Sen_JoeManchin", "name": "Joe Manchin", "district": "Junior Seat", "senate_class": "I", "fec_id": "S0WV00090", "gender": "M", "congresspedia_url": "http://www.opencongress.org/wiki/Joe_Manchin", "state": 49, "govtrack_id": "412391", "crp_id": "N00032838", "webform_url": "http://www.manchin.senate.gov/contact_form.cfm", "party": "D", "votesmart_id": "7547"}}, {"pk": 33, "model": "voteclimate.candidate", "fields": {"twitter_handle": "", "name": "Herbert Kohl", "district": "Senior Seat", "senate_class": "I", "fec_id": "S6WI00061", "gender": "M", "congresspedia_url": "http://www.opencongress.org/wiki/Herbert_Kohl", "state": 50, "govtrack_id": "300061", "crp_id": "N00004309", "webform_url": "http://www.kohl.senate.gov/contact.cfm", "party": "D", "votesmart_id": "53362"}}, {"pk": 34, "model": "voteclimate.candidate", "fields": {"twitter_handle": "SenJohnBarrasso", "name": "John Barrasso", "district": "Junior Seat", "senate_class": "I", "fec_id": "S6WY00068", "gender": "M", "congresspedia_url": "http://www.opencongress.org/wiki/John_Barrasso", "state": 51, "govtrack_id": "412251", "crp_id": "N00006236", "webform_url": "http://www.barrasso.senate.gov/public/index.cfm?FuseAction=ContactUs.ContactForm", "party": "R", "votesmart_id": "52662"}}, {"pk": 35, "model": "voteclimate.candidate", "fields": {"twitter_handle": "repjohnbarrow", "name": "John Barrow", "district": "12", "senate_class": "", "fec_id": "H4GA12010", "gender": "M", "congresspedia_url": "http://www.opencongress.org/wiki/John_Barrow", "state": 11, "govtrack_id": "400628", "crp_id": "N00026080", "webform_url": "https://forms.house.gov/barrow/webforms/issue_subscribe.htm", "party": "D", "votesmart_id": "31780"}}, {"pk": 1, "model": "voteclimate.fact", "fields": {"source": "http://www.climatechangecommunication.org/images/files/Policy-Support-March-2012.pdf", "short_statement": null, "source_name": "Climate Beliefs March 2012", "cite": null, "statement": "61 percent of undecided voters said in March 2012 that climate change is an important issue when considering their choice for president."}}, {"pk": 2, "model": "voteclimate.fact", "fields": {"source": "http://www.climatechangecommunication.org/images/files/Policy-Support-March-2012.pdf", "short_statement": null, "source_name": "Climate Beliefs March 2012", "cite": null, "statement": "2 out of 3 undecided voters said in March 2012 that the federal government should do more to address climate change"}}, {"pk": 1, "model": "voteclimate.sunlight_search", "fields": {"search": "Barack Obama"}}, {"pk": 2, "model": "voteclimate.sunlight_search", "fields": {"search": "Joe Biden"}}, {"pk": 3, "model": "voteclimate.sunlight_search", "fields": {"search": "Jon Kyl"}}, {"pk": 4, "model": "voteclimate.sunlight_search", "fields": {"search": "Dianne Feinstein"}}, {"pk": 5, "model": "voteclimate.sunlight_search", "fields": {"search": "Joe Lieberman"}}, {"pk": 6, "model": "voteclimate.sunlight_search", "fields": {"search": "Tom Carper"}}, {"pk": 7, "model": "voteclimate.sunlight_search", "fields": {"search": "Bill Nelson"}}, {"pk": 8, "model": "voteclimate.sunlight_search", "fields": {"search": "Daniel Akaka"}}, {"pk": 9, "model": "voteclimate.sunlight_search", "fields": {"search": "Richard Lugar"}}, {"pk": 10, "model": "voteclimate.sunlight_search", "fields": {"search": "Olympia Snowe"}}, {"pk": 11, "model": "voteclimate.sunlight_search", "fields": {"search": "Ben Cardin"}}, {"pk": 12, "model": "voteclimate.sunlight_search", "fields": {"search": "Scott Brown"}}, {"pk": 13, "model": "voteclimate.sunlight_search", "fields": {"search": "Debbie Stabenow"}}, {"pk": 14, "model": "voteclimate.sunlight_search", "fields": {"search": "Amy Klobuchar"}}, {"pk": 15, "model": "voteclimate.sunlight_search", "fields": {"search": "Roger Wicker"}}, {"pk": 16, "model": "voteclimate.sunlight_search", "fields": {"search": "Claire McCaskill"}}, {"pk": 17, "model": "voteclimate.sunlight_search", "fields": {"search": "Jon Tester"}}, {"pk": 18, "model": "voteclimate.sunlight_search", "fields": {"search": "Ben Nelson"}}, {"pk": 19, "model": "voteclimate.sunlight_search", "fields": {"search": "Dean Heller"}}, {"pk": 20, "model": "voteclimate.sunlight_search", "fields": {"search": "Bob Menendez"}}, {"pk": 21, "model": "voteclimate.sunlight_search", "fields": {"search": "Jeff Bingaman"}}, {"pk": 22, "model": "voteclimate.sunlight_search", "fields": {"search": "Kirsten Gillibrand"}}, {"pk": 23, "model": "voteclimate.sunlight_search", "fields": {"search": "Kent Conrad"}}, {"pk": 24, "model": "voteclimate.sunlight_search", "fields": {"search": "Sherrod Brown"}}, {"pk": 25, "model": "voteclimate.sunlight_search", "fields": {"search": "Bob Casey"}}, {"pk": 26, "model": "voteclimate.sunlight_search", "fields": {"search": "Sheldon Whitehouse"}}, {"pk": 27, "model": "voteclimate.sunlight_search", "fields": {"search": "Bob Corker"}}, {"pk": 28, "model": "voteclimate.sunlight_search", "fields": {"search": "Kay Bailey Hutchison"}}, {"pk": 29, "model": "voteclimate.sunlight_search", "fields": {"search": "Orrin Hatch"}}, {"pk": 30, "model": "voteclimate.sunlight_search", "fields": {"search": "Bernie Sanders"}}, {"pk": 31, "model": "voteclimate.sunlight_search", "fields": {"search": "Jim Webb"}}, {"pk": 32, "model": "voteclimate.sunlight_search", "fields": {"search": "Maria Cantwell"}}, {"pk": 33, "model": "voteclimate.sunlight_search", "fields": {"search": "Joe Manchin"}}, {"pk": 34, "model": "voteclimate.sunlight_search", "fields": {"search": "Herb Kohl"}}, {"pk": 35, "model": "voteclimate.sunlight_search", "fields": {"search": "John Barrasso"}}, {"pk": 19, "model": "auth.permission", "fields": {"codename": "add_logentry", "name": "Can add log entry", "content_type": 7}}, {"pk": 20, "model": "auth.permission", "fields": {"codename": "change_logentry", "name": "Can change log entry", "content_type": 7}}, {"pk": 21, "model": "auth.permission", "fields": {"codename": "delete_logentry", "name": "Can delete log entry", "content_type": 7}}, {"pk": 1, "model": "auth.permission", "fields": {"codename": "add_group", "name": "Can add group", "content_type": 2}}, {"pk": 4, "model": "auth.permission", "fields": {"codename": "change_group", "name": "Can change group", "content_type": 2}}, {"pk": 7, "model": "auth.permission", "fields": {"codename": "delete_group", "name": "Can delete group", "content_type": 2}}, {"pk": 2, "model": "auth.permission", "fields": {"codename": "add_permission", "name": "Can add permission", "content_type": 1}}, {"pk": 5, "model": "auth.permission", "fields": {"codename": "change_permission", "name": "Can change permission", "content_type": 1}}, {"pk": 8, "model": "auth.permission", "fields": {"codename": "delete_permission", "name": "Can delete permission", "content_type": 1}}, {"pk": 3, "model": "auth.permission", "fields": {"codename": "add_user", "name": "Can add user", "content_type": 3}}, {"pk": 6, "model": "auth.permission", "fields": {"codename": "change_user", "name": "Can change user", "content_type": 3}}, {"pk": 9, "model": "auth.permission", "fields": {"codename": "delete_user", "name": "Can delete user", "content_type": 3}}, {"pk": 10, "model": "auth.permission", "fields": {"codename": "add_contenttype", "name": "Can add content type", "content_type": 4}}, {"pk": 11, "model": "auth.permission", "fields": {"codename": "change_contenttype", "name": "Can change content type", "content_type": 4}}, {"pk": 12, "model": "auth.permission", "fields": {"codename": "delete_contenttype", "name": "Can delete content type", "content_type": 4}}, {"pk": 13, "model": "auth.permission", "fields": {"codename": "add_session", "name": "Can add session", "content_type": 5}}, {"pk": 14, "model": "auth.permission", "fields": {"codename": "change_session", "name": "Can change session", "content_type": 5}}, {"pk": 15, "model": "auth.permission", "fields": {"codename": "delete_session", "name": "Can delete session", "content_type": 5}}, {"pk": 16, "model": "auth.permission", "fields": {"codename": "add_site", "name": "Can add site", "content_type": 6}}, {"pk": 17, "model": "auth.permission", "fields": {"codename": "change_site", "name": "Can change site", "content_type": 6}}, {"pk": 18, "model": "auth.permission", "fields": {"codename": "delete_site", "name": "Can delete site", "content_type": 6}}, {"pk": 22, "model": "auth.permission", "fields": {"codename": "add_candidate", "name": "Can add candidate", "content_type": 11}}, {"pk": 30, "model": "auth.permission", "fields": {"codename": "change_candidate", "name": "Can change candidate", "content_type": 11}}, {"pk": 38, "model": "auth.permission", "fields": {"codename": "delete_candidate", "name": "Can delete candidate", "content_type": 11}}, {"pk": 23, "model": "auth.permission", "fields": {"codename": "add_fact", "name": "Can add fact", "content_type": 13}}, {"pk": 31, "model": "auth.permission", "fields": {"codename": "change_fact", "name": "Can change fact", "content_type": 13}}, {"pk": 39, "model": "auth.permission", "fields": {"codename": "delete_fact", "name": "Can delete fact", "content_type": 13}}, {"pk": 24, "model": "auth.permission", "fields": {"codename": "add_state", "name": "Can add state", "content_type": 8}}, {"pk": 32, "model": "auth.permission", "fields": {"codename": "change_state", "name": "Can change state", "content_type": 8}}, {"pk": 40, "model": "auth.permission", "fields": {"codename": "delete_state", "name": "Can delete state", "content_type": 8}}, {"pk": 25, "model": "auth.permission", "fields": {"codename": "add_statement", "name": "Can add statement", "content_type": 12}}, {"pk": 33, "model": "auth.permission", "fields": {"codename": "change_statement", "name": "Can change statement", "content_type": 12}}, {"pk": 41, "model": "auth.permission", "fields": {"codename": "delete_statement", "name": "Can delete statement", "content_type": 12}}, {"pk": 26, "model": "auth.permission", "fields": {"codename": "add_style", "name": "Can add style", "content_type": 10}}, {"pk": 34, "model": "auth.permission", "fields": {"codename": "change_style", "name": "Can change style", "content_type": 10}}, {"pk": 42, "model": "auth.permission", "fields": {"codename": "delete_style", "name": "Can delete style", "content_type": 10}}, {"pk": 27, "model": "auth.permission", "fields": {"codename": "add_sunlight_search", "name": "Can add sunlight_search", "content_type": 14}}, {"pk": 35, "model": "auth.permission", "fields": {"codename": "change_sunlight_search", "name": "Can change sunlight_search", "content_type": 14}}, {"pk": 43, "model": "auth.permission", "fields": {"codename": "delete_sunlight_search", "name": "Can delete sunlight_search", "content_type": 14}}, {"pk": 28, "model": "auth.permission", "fields": {"codename": "add_user", "name": "Can add user", "content_type": 9}}, {"pk": 36, "model": "auth.permission", "fields": {"codename": "change_user", "name": "Can change user", "content_type": 9}}, {"pk": 44, "model": "auth.permission", "fields": {"codename": "delete_user", "name": "Can delete user", "content_type": 9}}, {"pk": 29, "model": "auth.permission", "fields": {"codename": "add_visit", "name": "Can add visit", "content_type": 15}}, {"pk": 37, "model": "auth.permission", "fields": {"codename": "change_visit", "name": "Can change visit", "content_type": 15}}, {"pk": 45, "model": "auth.permission", "fields": {"codename": "delete_visit", "name": "Can delete visit", "content_type": 15}}]